Customer ID,Recency,Frequency,Monetary,R_Score,F_Score,M_Score,RFM_Score,Segment
AA-10315,185,5,4547.6320000000005,2,2,5,225,Lost
AA-10375,20,9,1021.846,5,5,2,552,Potential Loyalists
AA-10480,260,4,1787.4016000000001,1,1,3,113,Lost
AA-10645,56,6,4554.75105,3,3,5,335,Others
AB-10015,416,3,873.8888,1,1,2,112,Lost
AB-10060,55,8,6789.915999999999,3,4,5,345,Loyal Customers
AB-10105,42,10,13741.4553,4,5,5,455,Champions
AB-10150,42,5,919.5372,4,2,2,422,Others
AB-10165,26,8,1011.1468,5,4,2,542,Potential Loyalists
AB-10255,167,9,798.4896,2,5,2,252,Loyal Customers
AB-10600,51,4,1138.6586,4,1,2,412,Others
AC-10420,233,3,720.096,1,1,1,111,Lost
AC-10450,12,7,5114.0318,5,3,5,535,Others
AC-10615,7,5,2253.4626000000003,5,2,3,523,Others
AC-10660,283,5,514.6916,1,2,1,121,Lost
AD-10180,30,8,5915.3222000000005,4,4,5,445,Champions
AF-10870,42,7,1886.9192,4,3,3,433,Potential Loyalists
AF-10885,416,4,626.6325,1,1,1,111,Lost
AG-10270,279,5,2579.8964,1,2,4,124,Lost
AG-10300,119,4,317.83439999999996,2,1,1,211,Lost
AG-10330,9,5,522.5706,5,2,1,521,Others
AG-10390,115,5,184.9265,2,2,1,221,Lost
AG-10495,79,8,1976.1097,3,4,3,343,Loyal Customers
AG-10525,846,4,998.6772,1,1,2,112,Lost
AG-10675,98,7,2507.599208,3,3,4,334,Others
AG-10765,78,4,133.778,3,1,1,311,Others
AG-10900,97,10,3908.41095,3,5,5,355,Loyal Customers
AH-10030,13,7,1539.5720000000001,5,3,3,533,Potential Loyalists
AH-10075,35,10,2661.6981,4,5,4,454,Champions
AH-10120,61,7,1377.697,3,3,2,332,Potential Loyalists
AH-10195,56,4,1123.3774,3,1,2,312,Others
AH-10210,7,9,4607.8192,5,5,5,555,Champions
AH-10465,231,5,1949.523568,1,2,3,123,Lost
AH-10585,22,4,610.6672,5,1,1,511,Others
AH-10690,411,12,7256.572,1,5,5,155,Loyal Customers
AI-10855,14,10,3945.6642,5,5,5,555,Champions
AJ-10780,76,7,4231.9194,3,3,5,335,Others
AJ-10795,167,7,4013.05505,2,3,5,235,At Risk
AJ-10945,86,7,1833.48,3,3,3,333,Potential Loyalists
AJ-10960,75,3,622.1584,3,1,1,311,Others
AM-10360,29,5,726.1136,4,2,1,421,Others
AM-10705,163,8,5453.267,2,4,5,245,Loyal Customers
AO-10810,502,1,129.024,1,1,1,111,Lost
AP-10720,42,8,1330.3884,4,4,2,442,Potential Loyalists
AP-10915,99,10,2907.2788,3,5,4,354,Loyal Customers
AR-10345,112,4,674.397,2,1,1,211,Lost
AR-10405,126,5,1736.444,2,2,3,223,Lost
AR-10510,15,5,231.0306,5,2,1,521,Others
AR-10540,7,6,6471.4304,5,3,5,535,Others
AR-10570,535,1,88.15,1,1,1,111,Lost
AR-10825,59,8,3939.987,3,4,5,345,Loyal Customers
AS-10045,89,7,1920.8725,3,3,3,333,Potential Loyalists
AS-10090,29,9,2663.609,4,5,4,454,Champions
AS-10135,42,2,50.564,4,1,1,411,Others
AS-10225,23,5,4218.0352,5,2,5,525,Others
AS-10240,193,7,436.6574,2,3,1,231,At Risk
AS-10285,20,6,3153.3688,5,3,4,534,Others
AS-10630,93,7,655.9444000000001,3,3,1,331,Potential Loyalists
AT-10435,22,6,979.4142,5,3,2,532,Potential Loyalists
AT-10735,14,10,3706.3792,5,5,4,554,Champions
AW-10840,21,4,533.4864,5,1,1,511,Others
AW-10930,47,7,2423.5756,4,3,4,434,Others
AY-10555,15,4,441.4012,5,1,1,511,Others
AZ-10750,161,6,1394.701,2,3,2,232,At Risk
BB-10990,106,5,636.0648,2,2,1,221,Lost
BB-11545,29,9,6225.8488,4,5,5,455,Champions
BC-11125,203,9,2387.3416,2,5,4,254,Loyal Customers
BD-11320,34,12,5216.339300000001,4,5,5,455,Champions
BD-11500,36,6,4286.69575,4,3,5,435,Others
BD-11560,279,2,320.54,1,1,1,111,Lost
BD-11605,98,7,3084.48415,3,3,4,334,Others
BD-11620,70,6,1325.1868,3,3,2,332,Potential Loyalists
BD-11635,10,3,501.31739999999996,5,1,1,511,Others
BD-11725,94,6,1517.156,3,3,3,333,Potential Loyalists
BD-11770,328,6,573.3108,1,3,1,131,At Risk
BE-11335,120,5,4200.4888,2,2,5,225,Lost
BE-11410,99,5,2139.1004,3,2,3,323,Others
BE-11455,255,6,1480.6012,1,3,2,132,At Risk
BF-10975,92,7,549.0394,3,3,1,331,Potential Loyalists
BF-11005,40,4,953.2840000000001,4,1,2,412,Others
BF-11020,75,8,2417.6702,3,4,4,344,Loyal Customers
BF-11080,26,3,272.95,5,1,1,511,Others
BF-11170,17,11,5354.6502,5,5,5,555,Champions
BF-11215,66,4,1545.8916000000002,3,1,3,313,Others
BF-11275,58,3,641.974,3,1,1,311,Others
BG-11035,29,8,1717.3483999999999,4,4,3,443,Potential Loyalists
BG-11695,37,6,1276.0312,4,3,2,432,Potential Loyalists
BG-11740,58,6,824.8888,3,3,2,332,Potential Loyalists
BH-11710,24,8,5237.7663,5,4,5,545,Champions
BK-11260,78,6,512.7494,3,3,1,331,Potential Loyalists
BM-11140,308,4,7725.3256,1,1,5,115,Lost
BM-11575,101,6,729.1836,3,3,1,331,Potential Loyalists
BM-11650,34,11,7163.58275,4,5,5,455,Champions
BM-11785,219,10,1055.9666000000002,2,5,2,252,Loyal Customers
BN-11470,25,4,214.3728,5,1,1,511,Others
BN-11515,10,5,1422.3472000000002,5,2,2,522,Others
BO-11350,138,5,2399.3364,2,2,4,224,Lost
BO-11425,76,2,130.83,3,1,1,311,Others
BP-11050,84,5,977.5319999999999,3,2,2,322,Others
BP-11095,18,12,2154.289,5,5,3,553,Potential Loyalists
BP-11155,90,6,1686.1853,3,3,3,333,Potential Loyalists
BP-11185,2,9,2962.5815000000002,5,5,4,554,Champions
BP-11230,40,5,772.302,4,2,1,421,Others
BP-11290,13,7,1781.5007,5,3,3,533,Potential Loyalists
BS-11365,559,5,10412.942700000001,1,2,5,125,Lost
BS-11380,29,5,2839.3708,4,2,4,424,Others
BS-11590,36,6,2146.5774,4,3,3,433,Potential Loyalists
BS-11665,583,3,2864.598,1,1,4,114,Lost
BS-11755,2,7,2070.9487,5,3,3,533,Potential Loyalists
BS-11800,266,2,949.4300000000001,1,1,2,112,Lost
BT-11305,337,5,2269.0288,1,2,3,123,Lost
BT-11395,303,6,2046.7469000000003,1,3,3,133,At Risk
BT-11440,561,4,467.18379999999996,1,1,1,111,Lost
BT-11485,660,2,409.12879999999996,1,1,1,111,Lost
BT-11530,92,5,2272.9544,3,2,3,323,Others
BT-11680,21,7,2766.6456,5,3,4,534,Others
BV-11245,335,5,1371.3379,1,2,2,122,Lost
BW-11065,213,3,311.33680000000004,2,1,1,211,Lost
BW-11110,122,8,4200.285800000001,2,4,5,245,Loyal Customers
BW-11200,204,6,1519.5776,2,3,3,233,At Risk
CA-11965,97,6,3437.288304,3,3,4,334,Others
CA-12055,402,5,1428.9192000000003,1,2,2,122,Lost
CA-12265,57,9,2483.1286560000003,3,5,4,354,Loyal Customers
CA-12310,14,4,1306.5012,5,1,2,512,Others
CA-12775,121,7,2370.5078,2,3,4,234,At Risk
CB-12025,48,10,5179.9024,4,5,5,455,Champions
CB-12415,27,8,1318.587,5,4,2,542,Potential Loyalists
CB-12535,198,8,4001.5042750000002,2,4,5,245,Loyal Customers
CC-12100,458,6,1542.5577,1,3,3,133,At Risk
CC-12145,107,7,2065.3104000000008,2,3,3,233,At Risk
CC-12220,21,12,3129.7666,5,5,4,554,Champions
CC-12370,44,5,8050.006200000001,4,2,5,425,Others
CC-12430,1,10,2622.1344,5,5,4,554,Champions
CC-12475,40,9,1346.5378,4,5,2,452,Potential Loyalists
CC-12550,28,3,100.1376,4,1,1,411,Others
CC-12610,35,7,2332.9523,4,3,4,434,Others
CC-12670,30,7,1946.310575,4,3,3,433,Potential Loyalists
CC-12685,800,4,2521.1435,1,1,4,114,Lost
CD-11920,41,5,1940.3904,4,2,3,423,Others
CD-11980,55,3,431.186,3,1,1,311,Others
CD-12280,43,2,1089.2596,4,1,2,412,Others
CD-12790,400,5,1733.0136,1,2,3,123,Lost
CG-12040,50,6,720.4974,4,3,1,431,Potential Loyalists
CG-12520,339,3,1065.2536,1,1,2,112,Lost
CH-12070,692,3,1289.7688,1,1,2,112,Lost
CJ-11875,366,1,13.216,1,1,1,111,Lost
CJ-12010,190,8,9413.011859999999,2,4,5,245,Loyal Customers
CK-12205,40,13,2414.8583,4,5,4,454,Champions
CK-12325,121,5,2448.0755,2,2,4,224,Lost
CK-12595,44,11,1998.6514000000002,4,5,3,453,Potential Loyalists
CK-12760,83,9,1119.7237,3,5,2,352,Loyal Customers
CL-11890,107,4,1229.2972,2,1,2,212,Lost
CL-12565,285,12,9447.3428,1,5,5,155,Loyal Customers
CL-12700,106,5,1976.6488000000002,2,2,3,223,Lost
CM-11815,132,6,1485.3904000000002,2,3,2,232,At Risk
CM-11935,709,2,452.3136,1,1,1,111,Lost
CM-12115,9,4,1587.778,5,1,3,513,Others
CM-12160,27,6,1982.2486000000001,5,3,3,533,Potential Loyalists
CM-12190,9,6,1417.862,5,3,2,532,Potential Loyalists
CM-12235,386,5,1881.7696,1,2,3,123,Lost
CM-12385,38,4,8498.9064,4,1,5,415,Others
CM-12445,437,3,255.7314,1,1,1,111,Lost
CM-12655,28,6,5961.162208000001,4,3,5,435,Others
CM-12715,1036,4,3074.6003119999996,1,1,4,114,Lost
CP-12085,83,8,5281.3692,3,4,5,345,Loyal Customers
CP-12340,161,8,3589.4845,2,4,4,244,Loyal Customers
CR-12580,58,4,1764.1016,3,1,3,313,Others
CR-12625,471,3,475.9,1,1,1,111,Lost
CR-12730,79,4,1417.6238,3,1,2,312,Others
CR-12820,86,3,1243.991952,3,1,2,312,Others
CS-11845,92,5,1048.8292000000001,3,2,2,322,Others
CS-11860,163,6,433.8896,2,3,1,231,At Risk
CS-11950,26,11,2281.4315,5,5,3,553,Potential Loyalists
CS-12130,490,4,774.04,1,1,1,111,Lost
CS-12175,233,5,762.0344,1,2,1,121,Lost
CS-12250,27,12,2682.7088,5,5,4,554,Champions
CS-12355,7,11,2926.2356,5,5,4,554,Champions
CS-12400,3,9,2678.730575,5,5,4,554,Champions
CS-12460,28,2,530.9352,4,1,1,411,Others
CS-12490,425,4,650.239275,1,1,1,111,Lost
CS-12505,59,6,2198.0315,3,3,3,333,Potential Loyalists
CT-11995,97,8,2719.5726,3,4,4,344,Loyal Customers
CV-12295,255,5,2595.0984,1,2,4,124,Lost
CV-12805,6,9,1889.724008,5,5,3,553,Potential Loyalists
CW-11905,23,6,1105.7456,5,3,2,532,Potential Loyalists
CY-12745,61,8,2215.4516000000003,3,4,3,343,Loyal Customers
Co-12640,550,5,1160.34,1,2,2,122,Lost
DA-13450,353,4,142.888,1,1,1,111,Lost
DB-12910,22,8,1923.2928499999998,5,4,3,543,Potential Loyalists
DB-12970,242,5,2480.516376,1,2,4,124,Lost
DB-13060,17,7,3928.7548,5,3,5,535,Others
DB-13120,49,7,1685.2132,4,3,3,433,Potential Loyalists
DB-13210,10,10,1918.7296999999999,5,5,3,553,Potential Loyalists
DB-13270,54,8,4252.9011,4,4,5,445,Champions
DB-13360,265,5,1019.1534,1,2,2,122,Lost
DB-13405,188,4,1692.4296,2,1,3,213,Lost
DB-13555,108,7,3340.100464,2,3,4,234,At Risk
DB-13615,34,7,1679.698,4,3,3,433,Potential Loyalists
DB-13660,13,7,980.594,5,3,2,532,Potential Loyalists
DC-12850,38,9,1775.6624000000002,4,5,3,453,Potential Loyalists
DC-13285,24,5,1008.7977000000001,5,2,2,522,Others
DD-13570,42,6,235.102,4,3,1,431,Potential Loyalists
DE-13255,720,5,2528.0836,1,2,4,124,Lost
DF-13135,701,3,1768.9784000000002,1,1,3,113,Lost
DG-13300,33,5,2987.7364000000002,4,2,4,424,Others
DH-13075,278,6,4551.6544,1,3,5,135,At Risk
DH-13675,777,4,889.8474,1,1,2,112,Lost
DJ-13420,638,4,2012.52,1,1,3,113,Lost
DJ-13510,49,8,2126.9746,4,4,3,443,Potential Loyalists
DJ-13630,13,3,3175.3402,5,1,4,514,Others
DK-12835,22,12,3019.748,5,5,4,554,Champions
DK-12895,46,5,4074.8848000000003,4,2,5,425,Others
DK-12985,8,5,1358.386,5,2,2,522,Others
DK-13090,43,7,2267.6555,4,3,3,433,Potential Loyalists
DK-13150,11,2,701.0496,5,1,1,511,Others
DK-13225,11,9,4103.508,5,5,5,555,Champions
DK-13375,20,8,3038.501,5,4,4,544,Champions
DL-12865,101,8,1244.6966000000002,3,4,2,342,Loyal Customers
DL-12925,58,6,2622.205,3,3,4,334,Others
DL-13315,23,8,1319.9072,5,4,2,542,Potential Loyalists
DL-13330,58,4,580.396,3,1,1,311,Others
DL-13495,77,8,2994.6996,3,4,4,344,Loyal Customers
DM-12955,115,7,1091.752,2,3,2,232,At Risk
DM-13015,58,7,5696.1201,3,3,5,335,Others
DM-13345,23,8,3862.7988,5,4,5,545,Champions
DM-13525,482,3,1312.9586,1,1,2,112,Lost
DN-13690,218,7,2138.126,2,3,3,233,At Risk
DO-13435,134,9,1035.862825,2,5,2,252,Loyal Customers
DO-13645,27,7,1159.9528,5,3,2,532,Potential Loyalists
DP-13000,127,9,897.6646000000001,2,5,2,252,Loyal Customers
DP-13105,7,8,1825.3236,5,4,3,543,Potential Loyalists
DP-13165,813,2,870.8848,1,1,2,112,Lost
DP-13390,359,9,4349.3874000000005,1,5,5,155,Loyal Customers
DR-12880,4,9,5764.1948,5,5,5,555,Champions
DR-12940,51,8,8024.4655999999995,4,4,5,445,Champions
DS-13030,94,4,1566.66605,3,1,3,313,Others
DS-13180,24,9,2426.887604,5,5,4,554,Champions
DV-13045,20,5,703.78245,5,2,1,521,Others
DV-13465,30,6,3078.7861000000003,4,3,4,434,Others
DW-13195,70,6,840.0471,3,3,2,332,Potential Loyalists
DW-13480,218,5,5095.962399999999,2,2,5,225,Lost
DW-13540,99,5,316.6752,3,2,1,321,Others
DW-13585,243,7,876.6792,1,3,2,132,At Risk
Dl-13600,120,5,681.4298,2,2,1,221,Lost
Dp-13240,85,11,5824.6709,3,5,5,355,Loyal Customers
EA-14035,153,13,2137.8017,2,5,3,253,Loyal Customers
EB-13705,49,9,2805.5774,4,5,4,454,Champions
EB-13750,36,10,2799.1016,4,5,4,454,Champions
EB-13840,91,5,4195.0232,3,2,5,325,Others
EB-13870,101,10,2448.4961000000003,3,5,4,354,Loyal Customers
EB-13930,162,5,737.6696000000001,2,2,1,221,Lost
EB-13975,1,4,1312.5565000000001,5,1,2,512,Others
EB-14110,114,6,2196.8942,2,3,3,233,At Risk
EB-14170,83,6,1108.4859999999999,3,3,2,332,Potential Loyalists
EC-14050,54,5,458.0752,4,2,1,421,Others
ED-13885,136,8,3118.255,2,4,4,244,Loyal Customers
EG-13900,23,5,1494.313,5,2,2,522,Others
EH-13765,136,12,9881.876400000001,2,5,5,255,Loyal Customers
EH-13945,218,8,551.7219,2,4,1,241,Loyal Customers
EH-13990,406,6,738.7696,1,3,1,131,At Risk
EH-14005,3,7,874.2924,5,3,2,532,Potential Loyalists
EH-14125,153,10,2359.1504999999997,2,5,4,254,Loyal Customers
EH-14185,106,6,764.2874,2,3,1,231,At Risk
EJ-13720,303,4,1935.7340000000004,1,1,3,113,Lost
EJ-14155,58,5,2421.6179,3,2,4,324,Others
EK-13795,45,4,1118.6309,4,1,2,412,Others
EL-13735,78,2,124.28,3,1,1,311,Others
EM-13810,133,5,2041.9892,2,2,3,223,Lost
EM-13825,56,8,2226.4788,3,4,3,343,Loyal Customers
EM-13960,152,5,784.12,2,2,2,222,Lost
EM-14065,48,4,200.8716,4,1,1,411,Others
EM-14095,114,4,955.0595999999999,2,1,2,212,Lost
EM-14140,49,6,4392.8008,4,3,5,435,Others
EM-14200,159,3,275.048,2,1,1,211,Lost
EN-13780,288,4,2167.2428,1,1,3,113,Lost
EP-13915,13,17,4304.711864,5,5,5,555,Champions
ER-13855,422,3,836.9463999999999,1,1,2,112,Lost
ES-14020,41,5,2862.6964,4,2,4,424,Others
ES-14080,29,9,3530.8756,4,5,4,454,Champions
FA-14230,98,7,2362.2546,3,3,4,334,Others
FC-14245,71,7,3295.2916,3,3,4,334,Others
FC-14335,185,7,3490.8028,2,3,4,234,At Risk
FG-14260,35,7,1284.4362,4,3,2,432,Potential Loyalists
FH-14275,38,10,3676.6132,4,5,4,454,Champions
FH-14350,213,4,2194.763,2,1,3,213,Lost
FH-14365,6,8,6655.2238,5,4,5,545,Champions
FM-14215,8,10,1968.3043999999998,5,5,3,553,Potential Loyalists
FM-14290,37,9,3110.2916,4,5,4,454,Champions
FM-14380,146,9,2149.1918,2,5,3,253,Loyal Customers
FO-14305,39,10,2412.8776,4,5,4,454,Champions
FP-14320,24,8,3106.8776,5,4,4,544,Champions
FW-14395,363,3,79.75,1,1,1,111,Lost
GA-14515,150,8,3609.8292,2,4,4,244,Loyal Customers
GA-14725,6,11,1205.5609,5,5,2,552,Potential Loyalists
GB-14530,63,11,1253.751,3,5,2,352,Loyal Customers
GB-14575,14,5,4689.5904,5,2,5,525,Others
GD-14590,6,4,1594.0308,5,1,3,513,Others
GG-14650,44,9,1892.2930000000001,4,5,3,453,Potential Loyalists
GH-14410,76,9,1925.6507,3,5,3,353,Loyal Customers
GH-14425,51,4,3359.0488,4,1,4,414,Others
GH-14485,388,2,983.5152000000002,1,1,2,112,Lost
GH-14665,3,2,108.090304,5,1,1,511,Others
GK-14620,113,9,5540.5324,2,5,5,255,Loyal Customers
GM-14440,84,7,3075.0404,3,3,4,334,Others
GM-14455,17,6,2671.9791999999998,5,3,4,534,Others
GM-14500,107,10,1139.9592,2,5,2,252,Loyal Customers
GM-14680,153,6,2439.1256,2,3,4,234,At Risk
GM-14695,118,3,5721.3708,2,1,5,215,Lost
GP-14740,766,2,205.09300000000002,1,1,1,111,Lost
GR-14560,1136,2,1284.38,1,1,2,112,Lost
GT-14635,57,3,4886.0508,3,1,5,315,Others
GT-14710,37,11,10130.739,4,5,5,455,Champions
GT-14755,35,4,176.604,4,1,1,411,Others
GW-14605,29,7,1584.4383,4,3,3,433,Potential Loyalists
GZ-14470,8,9,3981.085,5,5,5,555,Champions
GZ-14545,158,4,2382.1516,2,1,4,214,Lost
HA-14905,70,7,1856.4344,3,3,3,333,Potential Loyalists
HA-14920,21,8,2224.9708,5,4,3,543,Potential Loyalists
HD-14785,770,3,144.596,1,1,1,111,Lost
HE-14800,13,4,852.2296,5,1,2,512,Others
HF-14995,22,7,2033.3317000000002,5,4,3,543,Potential Loyalists
HG-14845,55,5,645.0724,3,2,1,321,Others
HG-14965,24,12,1661.5839999999998,5,5,3,553,Potential Loyalists
HG-15025,7,7,3223.3556,5,4,4,544,Champions
HH-15010,73,2,213.7944,3,1,1,311,Others
HJ-14875,127,5,339.9,2,2,1,221,Lost
HK-14890,152,8,4171.076,2,4,5,245,Loyal Customers
HL-15040,44,6,12870.168399999999,4,3,5,435,Others
HM-14860,3,10,7529.547463999999,5,5,5,555,Champions
HM-14980,248,4,616.9368000000001,1,1,1,111,Lost
HP-14815,31,7,1744.4458,4,4,3,443,Potential Loyalists
HR-14770,14,5,1249.8384,5,2,2,522,Others
HR-14830,160,7,4432.5957,2,4,5,245,Loyal Customers
HW-14935,118,8,9004.5738,2,4,5,245,Loyal Customers
HZ-14950,36,5,687.0704,4,2,1,421,Others
IG-15085,72,4,744.3052,3,1,1,311,Others
IL-15100,143,7,4942.900799999999,2,4,5,245,Loyal Customers
IM-15055,410,3,2310.974,1,1,4,114,Lost
IM-15070,391,7,4550.4712,1,4,5,145,Loyal Customers
JA-15970,93,8,5238.6108,3,4,5,345,Loyal Customers
JB-15400,8,10,1493.9027,5,5,2,552,Potential Loyalists
JB-15925,738,3,520.6116000000001,1,1,1,111,Lost
JB-16000,44,7,534.521104,4,4,1,441,Potential Loyalists
JB-16045,8,5,2314.4969,5,2,4,524,Others
JC-15340,115,4,63.7889,2,1,1,211,Lost
JC-15385,176,1,1053.4744,2,1,2,212,Lost
JC-15775,159,9,2298.41835,2,5,4,254,Loyal Customers
JC-16105,58,5,759.9248,3,2,1,321,Others
JD-15790,118,5,1767.4736,2,2,3,223,Lost
JD-15895,395,11,7023.870800000001,1,5,5,155,Loyal Customers
JD-16015,113,6,332.0906,2,3,1,231,At Risk
JD-16060,301,3,663.1104,1,1,1,111,Lost
JD-16150,42,8,8355.035125,4,4,5,445,Champions
JE-15475,194,6,1359.9092,2,3,2,232,At Risk
JE-15610,49,7,6928.6848,4,4,5,445,Champions
JE-15715,47,10,7428.942499999999,4,5,5,455,Champions
JE-15745,52,13,5566.47165,4,5,5,455,Champions
JE-16165,21,3,2693.0624,5,1,4,514,Others
JF-15190,66,7,2043.3598,3,4,3,343,Loyal Customers
JF-15295,226,5,815.3432,1,2,2,122,Lost
JF-15355,106,6,1623.5352,2,3,3,233,At Risk
JF-15415,3,6,2006.4944,5,3,3,533,Potential Loyalists
JF-15490,122,11,863.9238,2,5,2,252,Loyal Customers
JF-15565,55,8,3765.8602,3,4,5,345,Loyal Customers
JG-15115,759,3,2198.9498,1,1,3,113,Lost
JG-15160,2,11,5854.8704,5,5,5,555,Champions
JG-15310,3,6,1939.1158,5,3,3,533,Potential Loyalists
JG-15805,224,6,1465.1844,2,3,2,232,At Risk
JH-15430,6,4,181.4683,5,1,1,511,Others
JH-15820,175,6,419.0996,2,3,1,231,At Risk
JH-15910,42,7,766.2131,4,4,1,441,Potential Loyalists
JH-15985,30,6,5800.543600000001,4,3,5,435,Others
JH-16180,405,4,1814.1152000000002,1,1,3,113,Lost
JJ-15445,484,5,700.4324,1,2,1,121,Lost
JJ-15760,754,2,171.008,1,1,1,111,Lost
JK-15205,62,5,4332.0056,3,2,5,325,Others
JK-15325,288,3,329.8936,1,1,1,111,Lost
JK-15370,45,8,2290.801,4,4,3,443,Potential Loyalists
JK-15625,62,7,3380.6744,3,4,4,344,Loyal Customers
JK-15640,181,9,4246.1892,2,5,5,255,Loyal Customers
JK-15730,85,10,3620.9325,3,5,4,354,Loyal Customers
JK-16090,29,3,3552.5434,4,1,4,414,Others
JK-16120,118,10,2388.664,2,5,4,254,Loyal Customers
JL-15130,9,6,782.7848000000001,5,3,2,532,Potential Loyalists
JL-15175,7,5,1247.2479,5,2,2,522,Others
JL-15235,120,5,1787.9,2,2,3,223,Lost
JL-15505,50,6,2894.4772,4,3,4,434,Others
JL-15835,22,11,7449.2331,5,5,5,555,Champions
JL-15850,615,6,2393.7668,1,3,4,134,At Risk
JM-15250,38,6,2685.65,4,3,4,434,Others
JM-15265,38,5,1734.4804000000001,4,2,3,423,Others
JM-15535,103,7,1599.52865,3,4,3,343,Loyal Customers
JM-15580,1,5,262.2584,5,2,1,521,Others
JM-15655,9,5,705.0811,5,2,1,521,Others
JM-15865,110,7,7031.384400000001,2,4,5,245,Loyal Customers
JM-16195,58,10,2744.7388,3,5,4,354,Loyal Customers
JO-15145,58,9,3051.7164500000003,3,5,4,354,Loyal Customers
JO-15280,93,6,1568.4996,3,3,3,333,Potential Loyalists
JO-15550,216,5,874.2824,2,2,2,222,Lost
JP-15460,38,7,1590.5930999999998,4,4,3,443,Potential Loyalists
JP-15520,9,7,3455.4485,5,4,4,544,Champions
JP-16135,103,9,1531.6,3,5,3,353,Loyal Customers
JR-15670,594,2,740.8094,1,1,1,111,Lost
JR-15700,69,1,691.104,3,1,1,311,Others
JR-16210,34,5,1876.2128,4,2,3,423,Others
JS-15595,120,4,1040.0354000000002,2,1,2,212,Lost
JS-15685,43,4,858.476,4,1,2,412,Others
JS-15880,535,5,3647.83616,1,2,4,124,Lost
JS-15940,464,5,268.2315,1,2,1,121,Lost
JS-16030,29,6,2059.5978,4,3,3,433,Potential Loyalists
JW-15220,43,6,6353.3332,4,3,5,435,Others
JW-15955,6,7,1045.4438,5,4,2,542,Potential Loyalists
JW-16075,462,4,1108.0225,1,1,2,112,Lost
KA-16525,37,7,1361.1988000000001,4,4,2,442,Potential Loyalists
KB-16240,5,7,3078.6315,5,4,4,544,Champions
KB-16315,297,9,1221.3378,1,5,2,152,Loyal Customers
KB-16405,118,3,872.9293,2,1,2,212,Lost
KB-16585,231,12,2449.6366000000003,1,5,4,154,Loyal Customers
KB-16600,2,7,970.982,5,4,2,542,Potential Loyalists
KC-16255,408,6,2107.9972000000002,1,3,3,133,At Risk
KC-16540,98,4,3885.814,3,1,5,315,Others
KC-16675,58,4,994.13,3,1,2,312,Others
KD-16270,485,5,7080.8876,1,2,5,125,Lost
KD-16345,42,6,1680.2033999999999,4,3,3,433,Potential Loyalists
KD-16495,113,12,7948.788100000001,2,5,5,255,Loyal Customers
KD-16615,290,5,2003.686,1,2,3,123,Lost
KE-16420,27,8,1501.563256,5,4,3,543,Potential Loyalists
KF-16285,98,7,9244.5188,3,4,5,345,Loyal Customers
KH-16330,41,8,2864.7428,4,4,4,444,Champions
KH-16360,2,6,2827.2404,5,3,4,534,Others
KH-16510,23,7,5146.43325,5,4,5,545,Champions
KH-16630,59,9,3657.3708,3,5,4,354,Loyal Customers
KH-16690,3,7,5697.450699999999,5,4,5,545,Champions
KL-16555,17,8,3757.6150000000002,5,4,5,545,Champions
KL-16645,48,12,13332.6441,4,5,5,455,Champions
KM-16225,15,6,2259.2364,5,3,3,533,Potential Loyalists
KM-16375,57,8,4908.7026,3,4,5,345,Loyal Customers
KM-16660,16,5,410.3204,5,2,1,521,Others
KM-16720,29,8,4399.7978,4,4,5,445,Champions
KN-16390,20,9,1969.2066,5,5,3,553,Potential Loyalists
KN-16450,53,5,1779.65585,4,2,3,423,Others
KN-16705,99,8,2092.2856,3,4,3,343,Loyal Customers
KS-16300,296,3,66.1956,1,1,1,111,Lost
KT-16465,392,7,2324.4202,1,4,4,144,Loyal Customers
KT-16480,101,10,3268.404152,3,5,4,354,Loyal Customers
KW-16435,97,5,4358.0794,3,2,5,325,Others
KW-16570,772,4,435.2528,1,1,1,111,Lost
LA-16780,155,11,8241.289200000001,2,5,5,255,Loyal Customers
LB-16735,49,3,43.6512,4,1,1,411,Others
LB-16795,153,8,4106.7158,2,4,5,245,Loyal Customers
LC-16870,28,8,2138.3814,4,4,3,443,Potential Loyalists
LC-16885,17,12,6076.322,5,5,5,555,Champions
LC-16930,42,8,3479.56,4,4,4,444,Champions
LC-16960,437,4,2595.5858000000003,1,1,4,114,Lost
LC-17050,55,5,1734.7963,3,2,3,323,Others
LC-17140,14,9,2429.0625999999997,5,5,4,554,Champions
LD-16855,553,1,4.243200000000001,1,1,1,111,Lost
LD-17005,415,4,1950.4171999999999,1,1,3,113,Lost
LE-16810,22,6,1306.1902,5,3,2,532,Potential Loyalists
LF-17185,23,7,2011.2267,5,4,3,543,Potential Loyalists
LH-16750,152,3,226.65580000000003,2,1,1,211,Lost
LH-16900,22,9,2168.5806000000002,5,5,3,553,Potential Loyalists
LH-17020,240,4,160.1709,1,1,1,111,Lost
LH-17155,386,9,1518.6880999999998,1,5,3,153,Loyal Customers
LL-16840,250,6,2726.5352,1,3,4,134,At Risk
LM-17065,392,5,1214.3132,1,2,2,122,Lost
LO-17170,3,5,602.4376,5,2,1,521,Others
LP-17080,41,4,637.2028,4,1,1,411,Others
LP-17095,10,7,3026.3107,5,4,4,544,Champions
LR-16915,27,6,4047.6656000000003,5,3,5,535,Others
LR-17035,133,5,1303.1338,2,2,2,222,Lost
LS-16945,179,6,2152.0628,2,3,3,233,At Risk
LS-16975,21,9,2566.8324000000002,5,5,4,554,Champions
LS-17200,97,6,976.0304,3,3,2,332,Potential Loyalists
LS-17230,778,3,298.4748,1,1,1,111,Lost
LS-17245,35,6,954.9728,4,3,2,432,Potential Loyalists
LT-16765,27,3,274.6888,5,1,1,511,Others
LT-17110,35,8,2485.2568499999998,4,4,4,444,Champions
LW-16825,89,5,1864.5243,3,2,3,323,Others
LW-16990,34,6,3047.0824,4,3,4,434,Others
LW-17125,206,3,1259.04,2,1,2,212,Lost
LW-17215,22,7,4914.2472,5,4,5,545,Champions
MA-17560,65,11,3836.1871,3,5,5,355,Loyal Customers
MA-17995,187,6,2109.4458,2,3,3,233,At Risk
MB-17305,49,10,1333.0084,4,5,2,452,Potential Loyalists
MB-18085,45,7,1146.6777000000002,4,4,2,442,Potential Loyalists
MC-17275,77,8,2473.1718,3,4,4,344,Loyal Customers
MC-17425,400,5,4215.2516,1,2,5,125,Lost
MC-17575,28,8,1099.1341,4,4,2,442,Potential Loyalists
MC-17590,52,6,2021.2088999999999,4,3,3,433,Potential Loyalists
MC-17605,113,8,1790.5492000000002,2,4,3,243,Loyal Customers
MC-17635,190,4,636.7428,2,1,1,211,Lost
MC-17845,2,7,3581.8412,5,4,4,544,Champions
MC-18100,42,10,1745.4472,4,5,3,453,Potential Loyalists
MC-18130,370,5,1311.7084,1,2,2,122,Lost
MD-17350,118,7,3107.054,2,4,4,244,Loyal Customers
MD-17860,37,5,1127.438,4,2,2,422,Others
ME-17320,43,10,9478.1572,4,5,5,455,Champions
ME-17725,29,8,1615.3330560000002,4,4,3,443,Potential Loyalists
ME-18010,93,4,1025.3952000000002,3,2,2,322,Others
MF-17665,422,5,537.5167,1,2,1,121,Lost
MF-18250,8,5,1676.6680000000001,5,2,3,523,Others
MG-17650,30,7,3108.2488,4,4,4,444,Champions
MG-17680,93,4,1879.8211,3,2,3,323,Others
MG-17695,556,3,1154.9828,1,1,2,112,Lost
MG-17875,117,5,810.2541,2,2,2,222,Lost
MG-17890,100,9,710.6521,3,5,1,351,Loyal Customers
MG-18145,85,4,2583.3323,3,2,4,324,Others
MG-18205,265,1,11.181700000000001,1,1,1,111,Lost
MH-17290,120,6,1872.10845,2,3,3,233,At Risk
MH-17440,377,4,317.2668,1,2,1,121,Lost
MH-17455,86,8,2269.9588,3,4,3,343,Loyal Customers
MH-17620,156,4,1010.0384,2,2,2,222,Lost
MH-17785,99,7,2060.5764,3,4,3,343,Loyal Customers
MH-18025,50,5,2847.0317999999997,4,2,4,424,Others
MH-18115,6,9,4497.2277,5,5,5,555,Champions
MJ-17740,23,7,5248.6692,5,4,5,545,Champions
MK-17905,29,8,1846.6746,4,4,3,443,Potential Loyalists
MK-18160,241,4,978.6736000000001,1,2,2,122,Lost
ML-17395,70,9,2592.1692,3,5,4,354,Loyal Customers
ML-17410,55,6,2367.3068,3,3,4,334,Others
ML-17755,30,7,1836.4852,4,4,3,443,Potential Loyalists
ML-18040,80,3,721.0116,3,1,1,311,Others
ML-18265,101,2,160.1776,3,1,1,311,Others
MM-17260,169,4,1100.8063000000002,2,2,2,222,Lost
MM-17920,8,11,3305.859,5,5,4,554,Champions
MM-18055,62,8,2015.6807,3,4,3,343,Loyal Customers
MM-18280,86,9,616.6502,3,5,1,351,Loyal Customers
MN-17935,35,6,2204.6068,4,3,3,433,Potential Loyalists
MO-17500,73,4,716.9791,3,2,1,321,Others
MO-17800,105,8,1497.9495,2,4,2,242,Loyal Customers
MO-17950,181,2,104.1152,2,1,1,211,Lost
MP-17470,720,7,2728.9174000000003,1,4,4,144,Loyal Customers
MP-17965,73,9,3781.0170000000003,3,5,5,355,Loyal Customers
MP-18175,17,9,4534.31305,5,5,5,555,Champions
MR-17545,126,4,599.6484,2,2,1,221,Lost
MS-17365,274,10,6653.0106000000005,1,5,5,155,Loyal Customers
MS-17530,435,4,463.55519999999996,1,2,1,121,Lost
MS-17710,414,6,1366.0112,1,3,2,132,At Risk
MS-17770,122,9,2700.5604,2,5,4,254,Loyal Customers
MS-17830,453,4,288.3252,1,2,1,121,Lost
MS-17980,27,6,694.4688000000001,5,3,1,531,Potential Loyalists
MT-17815,50,6,2878.8327,4,3,4,434,Others
MT-18070,204,4,1077.698554,2,2,2,222,Lost
MV-17485,28,9,1367.0996,4,5,2,452,Potential Loyalists
MV-18190,20,7,1506.7985,5,4,3,543,Potential Loyalists
MW-18220,18,7,4894.064200000001,5,4,5,545,Champions
MW-18235,45,2,4869.880800000001,4,1,5,415,Others
MY-17380,30,7,1984.2175000000002,4,4,3,443,Potential Loyalists
MY-18295,72,11,2994.7337199999997,3,5,4,354,Loyal Customers
MZ-17335,31,4,559.4108,4,2,1,421,Others
MZ-17515,283,6,2138.5316,1,3,3,133,At Risk
NB-18580,1166,2,245.08159999999998,1,1,1,111,Lost
NB-18655,20,9,1529.8318000000002,5,5,3,553,Potential Loyalists
NC-18340,225,5,2384.8908,2,2,4,224,Lost
NC-18415,42,6,863.6629999999999,4,3,2,432,Potential Loyalists
NC-18535,7,7,6917.9799,5,4,5,545,Champions
NC-18625,205,5,1235.7826,2,2,2,222,Lost
ND-18370,28,9,3829.9764999999998,4,5,5,455,Champions
ND-18460,184,6,2586.9935,2,3,4,234,At Risk
NF-18385,80,7,6069.4412,3,4,5,345,Loyal Customers
NF-18475,526,4,349.81800000000004,1,2,1,121,Lost
NF-18595,115,7,1794.4895999999999,2,4,3,243,Loyal Customers
NG-18355,49,5,1677.4016,4,2,3,423,Others
NG-18430,49,5,1235.6163999999999,4,2,2,422,Others
NH-18610,190,7,2639.178,2,4,4,244,Loyal Customers
NK-18490,71,7,466.83840000000004,3,4,1,341,Loyal Customers
NL-18310,59,4,1277.146,3,2,2,322,Others
NM-18445,161,7,6338.0034,2,4,5,245,Loyal Customers
NM-18520,245,10,2103.8399,1,5,3,153,Loyal Customers
NP-18325,26,6,4911.5328,5,3,5,535,Others
NP-18670,59,5,3897.2036,3,2,5,325,Others
NP-18685,407,6,1185.6664,1,3,2,132,At Risk
NP-18700,139,7,6701.358725,2,4,5,245,Loyal Customers
NR-18550,211,5,1898.1697000000001,2,2,3,223,Lost
NS-18505,7,4,1934.4352999999999,5,2,3,523,Others
NS-18640,175,13,2279.7219,2,5,3,253,Loyal Customers
NW-18400,173,7,6109.4906,2,4,5,245,Loyal Customers
NZ-18565,86,9,2187.347,3,5,3,353,Loyal Customers
ON-18715,411,9,1223.4992,1,5,2,152,Loyal Customers
OT-18730,66,5,2502.0322,3,2,4,324,Others
PA-19060,104,6,622.3984,3,3,1,331,Potential Loyalists
PB-18805,26,3,667.7447999999999,5,1,1,511,Others
PB-19105,58,4,556.8392,3,2,1,321,Others
PB-19150,98,8,1319.022,3,4,2,342,Loyal Customers
PB-19210,689,2,120.1764,1,1,1,111,Lost
PC-18745,3,4,1502.5332,5,2,3,523,Others
PC-19000,883,2,850.5344000000001,1,1,2,112,Lost
PF-19120,836,4,7249.594800000001,1,2,5,125,Lost
PF-19165,197,6,2461.15,2,3,4,234,At Risk
PF-19225,115,5,2069.2224,2,2,3,223,Lost
PG-18820,37,13,2623.9581,4,5,4,454,Champions
PG-18895,58,9,1773.9304,3,5,3,353,Loyal Customers
PH-18790,71,1,583.7184,3,1,1,311,Others
PJ-18835,40,8,1188.138,4,4,2,442,Potential Loyalists
PJ-19015,135,7,1791.4852,2,4,3,243,Loyal Customers
PK-18910,484,2,529.8102,1,1,1,111,Lost
PK-19075,10,12,7285.412,5,5,5,555,Champions
PL-18925,16,5,188.5553,5,2,1,521,Others
PM-18940,387,3,1314.8793999999998,1,1,2,112,Lost
PM-19135,52,4,3649.4552,4,2,4,424,Others
PN-18775,31,8,1324.2336,4,4,2,442,Potential Loyalists
PO-18850,5,11,5742.436156,5,5,5,555,Champions
PO-18865,1,7,2297.0812,5,4,4,544,Champions
PO-19180,161,9,4468.8589,2,5,5,255,Loyal Customers
PO-19195,87,5,877.7912,3,2,2,322,Others
PP-18955,98,10,6923.2062,3,5,5,355,Loyal Customers
PR-18880,37,5,1554.1604,4,2,3,423,Others
PS-18760,108,6,1654.7359,2,3,3,233,At Risk
PS-18970,70,8,1170.1957,3,4,2,342,Loyal Customers
PS-19045,237,7,6076.953200000001,1,4,5,145,Loyal Customers
PT-19090,72,4,124.0824,3,2,1,321,Others
PV-18985,90,5,2691.553,3,2,4,324,Others
PW-19030,47,10,3386.375,4,5,4,454,Champions
PW-19240,465,7,3662.68775,1,4,4,144,Loyal Customers
QJ-19255,26,9,5792.9884,5,5,5,555,Champions
RA-19285,6,9,2198.0468,5,5,3,553,Potential Loyalists
RA-19885,44,7,3641.7492,4,4,4,444,Champions
RA-19915,13,9,3853.28145,5,5,5,555,Champions
RA-19945,62,5,1118.787975,3,2,2,322,Others
RB-19330,69,2,734.9065999999999,3,1,1,311,Others
RB-19360,97,6,15051.4147,3,3,5,335,Others
RB-19435,20,8,2299.6254,5,4,4,544,Champions
RB-19465,10,12,4074.5146000000004,5,5,5,555,Champions
RB-19570,26,5,435.0508,5,2,1,521,Others
RB-19645,649,5,190.5752,1,2,1,121,Lost
RB-19705,55,4,1922.0141999999998,3,2,3,323,Others
RB-19795,33,8,4011.4078000000004,4,4,5,445,Champions
RC-19825,370,6,808.1035,1,3,2,132,At Risk
RC-19960,111,6,670.6566,2,3,1,231,At Risk
RD-19480,73,8,3943.474,3,4,5,345,Loyal Customers
RD-19585,181,10,2774.5852,2,5,4,254,Loyal Customers
RD-19660,115,5,2692.4736,2,2,4,224,Lost
RD-19720,22,10,1258.0544,5,5,2,552,Potential Loyalists
RD-19810,15,8,972.8879999999999,5,4,2,542,Potential Loyalists
RD-19900,115,9,2764.9272,2,5,4,254,Loyal Customers
RD-19930,43,4,750.2318,4,2,1,421,Others
RE-19405,1098,1,38.688,1,1,1,111,Lost
RE-19450,303,5,804.6672,1,2,2,122,Lost
RF-19345,391,8,3272.142,1,4,4,144,Loyal Customers
RF-19735,90,7,2269.3008,3,4,3,343,Loyal Customers
RF-19840,7,8,925.6985999999999,5,4,2,542,Potential Loyalists
RH-19495,33,5,3163.1623999999997,4,2,4,424,Others
RH-19510,468,6,6196.468,1,3,5,135,At Risk
RH-19555,520,2,574.4946,1,1,1,111,Lost
RH-19600,535,3,1745.5242,1,1,3,113,Lost
RK-19300,120,3,1373.8856,2,1,2,212,Lost
RL-19615,122,8,4891.87295,2,4,5,245,Loyal Customers
RM-19375,346,6,1408.6052,1,3,2,132,At Risk
RM-19675,7,5,5378.0832,5,2,5,525,Others
RM-19750,300,1,98.35,1,1,1,111,Lost
RO-19780,36,7,2077.9696,4,4,3,443,Potential Loyalists
RP-19270,497,4,778.258256,1,2,2,122,Lost
RP-19390,34,12,4365.6324,4,5,5,455,Champions
RP-19855,29,8,2123.5898,4,4,3,443,Potential Loyalists
RR-19315,20,2,411.0872,5,1,1,511,Others
RR-19525,171,6,3184.7676,2,3,4,234,At Risk
RS-19420,77,5,3221.29,3,2,4,324,Others
RS-19765,37,8,4030.5684,4,4,5,445,Champions
RS-19870,20,2,20.398400000000002,5,1,1,511,Others
RW-19540,121,7,7043.6417,2,4,5,245,Loyal Customers
RW-19630,90,9,2832.6132,3,5,4,354,Loyal Customers
RW-19690,80,5,3101.6398,3,2,4,324,Others
SA-20830,64,10,3863.1513250000003,3,5,5,355,Loyal Customers
SB-20170,202,3,1237.1032,2,1,2,212,Lost
SB-20185,189,6,5119.675800000001,2,3,5,235,At Risk
SB-20290,48,7,5013.9369,4,4,5,445,Champions
SC-20020,782,5,2714.318608,1,2,4,124,Lost
SC-20050,41,9,4233.1736,4,5,5,455,Champions
SC-20095,350,9,13825.665200000001,1,5,5,155,Loyal Customers
SC-20230,150,4,3584.9724,2,2,4,224,Lost
SC-20260,188,8,3342.66675,2,4,4,244,Loyal Customers
SC-20305,30,7,3210.2207,4,4,4,444,Champions
SC-20380,31,9,4968.6372,4,5,5,455,Champions
SC-20440,37,7,1670.1914,4,4,3,443,Potential Loyalists
SC-20575,93,5,884.2558,3,2,2,322,Others
SC-20680,127,6,1254.64,2,3,2,232,At Risk
SC-20695,90,10,2418.8815999999997,3,5,4,354,Loyal Customers
SC-20725,188,11,4703.446,2,5,5,255,Loyal Customers
SC-20770,42,7,3220.3253,4,4,4,444,Champions
SC-20800,31,4,237.51680000000002,4,2,1,421,Others
SC-20845,132,2,224.5056,2,1,1,211,Lost
SD-20485,201,9,5813.769399999999,2,5,5,255,Loyal Customers
SE-20110,10,11,11609.615000000002,5,5,5,555,Champions
SF-20065,60,7,723.5136,3,4,1,341,Loyal Customers
SF-20200,60,9,3271.99,3,5,4,354,Loyal Customers
SF-20965,49,9,2915.9379,4,5,4,454,Champions
SG-20080,9,3,2939.2404500000002,5,1,4,514,Others
SG-20470,184,8,1399.5986,2,4,2,242,Loyal Customers
SG-20605,109,6,3035.8736,2,3,4,234,At Risk
SG-20890,227,3,35.1348,1,1,1,111,Lost
SH-19975,30,13,3152.5278749999998,4,5,4,454,Champions
SH-20395,24,10,1662.1992,5,5,3,553,Potential Loyalists
SH-20635,766,2,1677.1136000000001,1,1,3,113,Lost
SJ-20125,96,12,3206.7882,3,5,4,354,Loyal Customers
SJ-20215,30,6,995.7008,4,3,2,432,Potential Loyalists
SJ-20500,254,5,1237.7664,1,2,2,122,Lost
SK-19990,9,3,630.2771,5,1,1,511,Others
SL-20155,71,7,2772.3768,3,4,4,344,Loyal Customers
SM-20005,422,4,172.038,1,2,1,121,Lost
SM-20320,80,5,13053.993999999999,3,2,5,325,Others
SM-20905,607,1,721.9643000000001,1,1,1,111,Lost
SM-20950,26,12,4947.9926,5,5,5,555,Champions
SN-20560,112,6,1223.296,2,3,2,232,At Risk
SN-20710,80,7,2629.188456,3,4,4,344,Loyal Customers
SO-20335,30,6,1996.707425,4,3,3,433,Potential Loyalists
SP-20545,328,6,1129.5148,1,3,2,132,At Risk
SP-20620,48,9,4095.0823,4,5,5,455,Champions
SP-20650,387,9,1508.2656,1,5,3,153,Loyal Customers
SP-20860,80,10,3580.3869999999997,3,5,4,354,Loyal Customers
SP-20920,71,6,2833.2715,3,3,4,334,Others
SR-20425,9,5,1367.9211000000003,5,2,2,522,Others
SR-20740,197,8,4331.5148,2,4,5,245,Loyal Customers
SS-20140,16,8,1283.7256,5,4,2,542,Potential Loyalists
SS-20410,111,6,2083.9235,2,3,3,233,At Risk
SS-20515,492,3,613.4,1,1,1,111,Lost
SS-20590,433,6,418.49,1,3,1,131,At Risk
SS-20875,121,5,718.5198,2,2,1,221,Lost
ST-20530,126,7,357.5776,2,4,1,241,Loyal Customers
SU-20665,21,7,2241.1178,5,4,3,543,Potential Loyalists
SV-20365,102,10,9691.649,3,5,5,355,Loyal Customers
SV-20785,321,9,3483.9959,1,5,4,154,Loyal Customers
SV-20815,77,4,1042.4228,3,2,2,322,Others
SV-20935,3,8,1490.4249,5,4,2,542,Potential Loyalists
SW-20245,82,7,864.363,3,4,2,342,Loyal Customers
SW-20275,31,6,1965.922,4,3,3,433,Potential Loyalists
SW-20350,163,3,866.6034,2,1,2,212,Lost
SW-20455,163,7,2421.0032,2,4,4,244,Loyal Customers
SW-20755,535,2,628.7728,1,1,1,111,Lost
SZ-20035,36,11,2924.0747,4,5,4,454,Champions
TA-21385,70,4,12305.0632,3,2,5,325,Others
TB-21055,120,5,1347.7843,2,2,2,222,Lost
TB-21175,59,4,3535.9808,3,2,4,324,Others
TB-21190,50,4,739.4526000000001,4,2,1,421,Others
TB-21250,350,7,1399.2968,1,4,2,142,Loyal Customers
TB-21280,584,6,2168.2309999999998,1,3,3,133,At Risk
TB-21355,147,5,790.0144,2,2,2,222,Lost
TB-21400,203,7,8995.742,2,4,5,245,Loyal Customers
TB-21520,108,9,2829.0738,2,5,4,254,Loyal Customers
TB-21595,286,5,1129.7875,1,2,2,122,Lost
TB-21625,31,9,2278.6732,4,5,3,453,Potential Loyalists
TC-20980,400,5,19010.1588,1,2,5,125,Lost
TC-21145,107,1,1038.26,2,1,2,212,Lost
TC-21295,28,8,3716.4035999999996,4,4,4,444,Champions
TC-21475,154,9,1119.0056,2,5,2,252,Loyal Customers
TC-21535,5,7,720.9304000000001,5,4,1,541,Potential Loyalists
TD-20995,38,9,1159.4720000000002,4,5,2,452,Potential Loyalists
TG-21310,338,5,2610.3996,1,3,4,134,At Risk
TG-21640,115,4,1811.8303,2,2,3,223,Lost
TH-21100,345,5,1659.7520000000002,1,3,3,133,At Risk
TH-21115,59,4,2101.6043999999997,3,2,3,323,Others
TH-21235,118,8,823.5083,2,4,2,242,Loyal Customers
TH-21550,73,7,3039.6708,3,4,4,344,Loyal Customers
TM-21010,104,8,2876.1508,3,4,4,344,Loyal Customers
TM-21490,131,3,1052.6764,2,1,2,212,Lost
TN-21040,91,7,2248.3793,3,4,3,343,Loyal Customers
TP-21130,9,9,4437.648,5,5,5,555,Champions
TP-21415,105,5,3694.974104,2,3,4,234,At Risk
TP-21565,351,4,1534.0800000000002,1,2,3,123,Lost
TR-21325,194,5,672.8316,2,3,1,231,At Risk
TS-21085,358,2,1.4499,1,1,1,111,Lost
TS-21160,505,6,1858.391,1,3,3,133,At Risk
TS-21205,199,7,4529.1412,2,4,5,245,Loyal Customers
TS-21340,227,5,770.0254,1,3,1,131,At Risk
TS-21370,37,6,10910.969000000001,4,3,5,435,Others
TS-21430,173,5,1768.0159999999998,2,3,3,233,At Risk
TS-21505,12,6,1872.2982,5,3,3,533,Potential Loyalists
TS-21610,56,7,2022.4316,3,4,3,343,Loyal Customers
TS-21655,239,5,2868.7386,1,3,4,134,At Risk
TT-21070,32,7,4180.5796,4,4,5,445,Champions
TT-21220,184,8,1256.7064,2,4,2,242,Loyal Customers
TT-21265,407,3,439.5,1,1,1,111,Lost
TT-21460,13,7,4872.6664,5,4,5,545,Champions
TW-21025,65,7,4679.294800000001,3,4,5,345,Loyal Customers
TZ-21580,36,4,1384.6348,4,2,2,422,Others
VB-21745,55,6,1893.0828000000001,3,3,3,333,Potential Loyalists
VD-21670,582,6,5977.5692,1,3,5,135,At Risk
VF-21715,14,5,636.9396,5,3,1,531,Potential Loyalists
VG-21790,155,6,748.7620000000001,2,3,1,231,At Risk
VG-21805,287,5,350.3736,1,3,1,131,At Risk
VM-21685,55,7,2294.5508,3,4,3,343,Loyal Customers
VM-21835,118,5,349.042,2,3,1,231,At Risk
VP-21730,31,3,978.7436,4,1,2,412,Others
VP-21760,76,7,2335.2774,3,4,4,344,Loyal Customers
VS-21820,222,4,727.5629,2,2,1,221,Lost
VT-21700,1001,2,1266.9602,1,1,2,112,Lost
VW-21775,29,10,4395.7418,4,5,5,455,Champions
WB-21850,21,11,4943.4532,5,5,5,555,Champions
XP-21865,44,11,2215.672,4,5,3,453,Potential Loyalists
YC-21895,5,5,5140.054,5,3,5,535,Others
YS-21880,10,8,6072.4872,5,4,5,545,Champions
ZC-21910,55,13,6424.3345,3,5,5,355,Loyal Customers
ZD-21925,203,5,1275.3712,2,3,2,232,At Risk
